{
    "version": 2,
    "framework": null,
    "functions": {
        "api/index.php": { "runtime": "vercel-php@0.7.2" }
    },
    "routes": [
        {
            "src": "/build/(.*)",
            "dest": "/public/build/$1"
        },
        {
            "src": "/storage/(.*)",
            "dest": "/public/storage/$1"
        },
        {
            "src": "/favicon.ico",
            "dest": "/public/favicon.ico"
        },
        {
            "src": "/robots.txt",
            "dest": "/public/robots.txt"
        },
        {
            "src": "/(.*)",
            "dest": "/api/index.php"
        }
    ],
    "env": {
        "APP_ENV": "production",
        "APP_DEBUG": "false",
        "APP_URL": "https://${VERCEL_URL}",
        "APP_CONFIG_CACHE": "/tmp/config.php",
        "APP_EVENTS_CACHE": "/tmp/events.php",
        "APP_PACKAGES_CACHE": "/tmp/packages.php",
        "APP_ROUTES_CACHE": "/tmp/routes.php",
        "APP_SERVICES_CACHE": "/tmp/services.php",
        "VIEW_COMPILED_PATH": "/tmp",
        "CACHE_DRIVER": "array",
        "LOG_CHANNEL": "stderr",
        "SESSION_DRIVER": "cookie",
        "NODE_VERSION": "18.x"
    }
}